Temperature,Rainfall,Soil_Moisture,Nitrogen,Phosphorus,Potassium,Solar_Radiation,Yield_kg_per_ha
22.2268130871147,723.3080418284625,45.74651355065927,79.55975783507316,25.855722597796102,149.39155853077915,146.836649820706,4129.316316223536
27.442619082260737,593.7074244863725,43.97561069252897,131.19604966676064,43.135660738866164,125.16096754770103,205.26946678317677,4885.522467763608
17.353061516059032,204.02097811950588,10.484042286515809,137.16832540569794,32.490725989954214,139.59153515296,226.0394972252044,5252.828892612716
24.037244953324137,326.89809936000216,20.957091658067615,107.37291162600515,77.02505617523451,84.15377138388337,117.83726582057665,5012.890394593415
18.29269203627513,678.4142285074252,48.908880327243885,140.672678356552,77.86164653734122,85.66642690261975,177.44691645945335,4971.230544060413
25.389172348871085,546.8389191967774,40.63889782069582,89.89592445694602,73.84385019957426,54.02882100654647,198.80558269135574,4469.269618693061
18.918303722508078,335.9856431145714,17.506709775731043,78.94376358975163,54.17792116906216,146.00116905971294,115.68825505752834,6031.527507932047
16.62446509730478,378.15178986853846,13.638268701802154,146.0633817854499,29.726103152778354,74.47747853309832,170.83466912266485,6473.750807044997
16.412602370980277,666.9765336540008,46.709751775697725,140.3443902693467,54.0712969640184,98.51122288227523,205.03174860169634,6632.381290567955
14.165172793995925,666.9498377093953,12.2277713876574,96.17164603560985,36.44422970405286,66.87513736679048,159.62760974982103,4750.834506275076
25.200726435893426,696.9640150160569,38.74829065606181,103.32204384018303,69.45009257820266,67.67369959004625,114.19520063249536,5694.282557053058
14.907770469891009,604.1615232514722,46.76417494954885,87.06097121737591,50.21740645592392,108.90566720494118,204.0446459138903,5067.47552866768
13.848842343300944,413.2926629585309,35.12840590589978,75.14771849717968,33.451202371302216,85.72179489260161,152.60305618447006,6059.990455054549
27.39791886973725,275.51467945329154,43.29612586437844,109.59069374126149,29.237892046833863,195.1977384662758,204.8174860702464,5900.758840515062
21.19747292352006,692.7789906419619,12.480860321819272,136.72380923068607,24.269293713841524,178.3645999993881,126.37405070066465,6976.019971561713
12.995258899198113,599.5282428137762,18.509472626980635,53.93524605099142,78.7822802632262,55.81906118109046,221.06613554862884,6757.592503937432
20.539541494312857,796.36071139357,12.108615290665753,105.39981695392095,42.27820340111518,95.5884826486922,158.3325346817964,5969.2076288962535
23.570364810916644,537.2204667157733,39.57993030934699,96.12508148395557,43.53235706231978,179.4759412262672,179.207429424116,5527.116364040113
18.30947437613529,613.7143507824553,11.529535725753224,99.97547266555688,55.50690330571005,59.4906548801511,209.12002624531345,5220.679158575453
10.951806198827443,558.5671807139772,21.788015138072062,59.02999633995937,47.364167002379304,176.02229151383168,120.86224070900619,4953.611968234091
20.306930351895364,343.875222484275,10.00221987602516,79.61674647875239,27.114057462005356,88.86952180534607,239.2117026633876,4297.919071773516
28.302803450873473,435.31741358319164,26.569850358828315,138.3323309679032,51.69037472821855,97.56927790349269,123.03643169651451,5872.668795250757
27.868221674104138,525.4149829809144,42.13057956633925,126.92214048088722,40.209232292219184,73.67909624075529,115.25161931268836,5455.7701214735225
29.457609382233944,743.2883446936568,11.31296926881705,127.49448102088772,66.91234069444567,66.69533072200326,205.25285904561878,5057.7567961202985
16.127567206628438,624.087273713213,15.005929696172142,51.03772544031744,59.142095446555246,104.33942959531464,212.04983529916632,5009.058204713456
15.032022101154476,545.0510346907408,32.71748108885322,131.07193625758956,38.15806937395183,175.911308673772,211.37121442276737,5112.822956742931
19.440818974465028,216.3390711935148,14.340502216671656,60.738017490480225,50.39557443724888,186.74430899474243,230.9825608514181,4539.952691931588
12.052200204033758,736.4048315836375,43.27070492439519,107.02704840206735,23.385862560042472,87.93182445190885,102.49162824051116,5771.689295112015
12.11918720700907,492.7642169485257,26.437663409327243,68.59112552077885,72.73931488905922,141.28479305334344,117.96939573254161,5095.41410686438
16.42119457068282,567.330044260206,37.9641511935596,77.60675232364282,46.02610550854182,88.06634365614129,159.57972923692347,5815.986717840189
16.89402257741049,774.907109083735,14.96237060539109,96.77560258037957,64.5533837115026,107.41122763251232,136.68110619666442,6601.4789843418275
21.6630712574424,473.59309517622404,22.595500312210753,97.49253957919441,25.984254599540485,94.03947276912919,212.97766949120552,6266.125622991895
22.306047627912843,235.94183649029856,17.145175009001555,130.88740341302275,47.17714847474632,66.6281462661664,117.94262670906856,6641.0378889223575
15.567842091923147,763.0618307585089,30.705976851317253,62.48619401620792,42.19020927894988,94.40123629072923,147.51557910649962,6134.987446733592
18.891281716851722,523.1296521623782,33.69810130885965,89.34616981774465,27.218935166075102,147.71166386748013,186.9587315443144,4131.250511527364
10.475646822000117,761.3218091478979,21.376928445070117,143.65284354938666,37.34159838658455,174.02972098650196,210.4523194270542,5763.01513380262
28.005282602954843,723.1889400153959,14.656123065305167,96.21076609524074,65.34745491834816,66.28675857885696,179.78885336675287,6539.8713347536905
28.270977961233086,204.61936035771123,38.50817746225021,113.87224870776737,58.018671115344645,134.27924129742215,193.52356480260428,5276.558923420532
23.784192749542996,793.1623966660026,10.667848857149433,69.72137879885967,57.8003771407609,125.34615501546129,128.00327273801847,5111.413027906297
10.93806650056315,798.1413863909949,18.37149523227395,125.47300778250947,69.22082261266581,90.59343848837014,149.80929058870066,4011.5067245306186
24.422884166947078,498.6596287586948,38.29264932081949,111.75489224132657,46.73774145966494,172.0886243577292,178.83084025534174,5149.959646921674
25.743230855812957,553.5529409408578,25.392038424849098,64.64823260436567,64.9100174914448,192.74570159049216,203.698880540524,6083.250768351385
26.295103535272133,448.89830621721734,35.9490354177437,126.88667097778374,76.75734581713681,120.26967742139696,229.3501674447258,4319.134899825518
25.953998550132077,223.28043006000064,44.7422945423097,132.7263487210766,36.82002044004403,90.62211805796551,239.48740848268255,4634.344539586438
10.848544587514382,644.8418628742089,34.628297611231076,113.89899438395973,58.496321651652394,106.75922782900486,120.96502229915077,5545.638626783933
26.4303921377889,211.5792084473194,18.31515147807287,128.8881574126931,40.67618477164308,112.76146664484838,115.83813319684752,5806.166621597798
23.63638635653105,537.8884771435739,22.1266718259292,62.797092701833215,42.25135057521767,169.75405457919624,184.49674278634706,6050.111140387616
10.975816261319746,692.3269040653645,23.614352484620966,112.92830763016255,20.6100350444508,101.12448226575478,244.61091080802484,4418.497949553056
17.676358537691193,563.335418945717,38.875419320189735,146.59413015412773,39.317951307357504,83.8414234233793,110.95311201643574,6258.843763768433
25.91228128475027,729.3782249872061,25.07284170376474,136.54942516699293,27.704858329043564,147.48611180722594,231.09370755053422,5799.861465604106
25.580795012161886,765.7531583438999,41.65235065436734,82.88572504420864,42.70925754232837,69.44083068006776,238.19603788049866,5790.124709667208
24.146510516420893,643.1393779660982,41.69620171757032,51.811391904869296,73.48046936107721,195.7167459417421,232.2852753772093,6297.220235790261
24.262691475254776,592.6415895507591,35.369332462776214,56.945073156870585,50.65694815996993,95.90109250776314,175.04371888205975,6757.973386287214
21.677207171590695,482.31943877260306,19.358114279194425,117.08452701055792,27.724611379310332,129.65057850311555,235.08774998402748,6046.6813483052665
15.766257513598909,326.95601392142333,44.98011898102368,82.91615623740927,22.409809631342196,173.28827493134605,232.53773437919244,6896.459465925031
10.987590374875758,711.7475129019248,23.743491612159232,80.48739721358042,50.42000733631144,173.39813615271493,185.57818312436777,6649.643348189498
17.428057469289193,357.2299829179886,45.89352549663117,63.336992123998826,32.24059924010528,150.8954232160416,135.7885508637247,6209.904533978302
15.564352642766648,711.7907678087489,49.80762248411806,125.51815961316913,56.87976265864915,167.7158300101674,242.27856332753913,5407.43422629905
19.987374473575343,521.5912618811258,38.775958516878894,52.601213395161686,38.444954265446164,178.92935947578314,232.96723911686732,4519.587326392976
10.975030525021054,681.3402890388459,17.096873962900673,67.59192169667624,43.1341325710897,57.850458431401776,114.80604484440431,6903.480206751123
18.433600081712733,460.6350435787331,32.81194499155024,100.433590758015,42.21972159805385,121.83153077979904,178.64405349214098,6433.392190934421
20.714393478881863,780.1237759393449,41.78869345597185,66.23747016819456,49.72319741557426,189.1753898396437,202.6900924232993,4138.372850346837
25.23461601150982,272.2655374325639,37.90767254952357,133.5171045169132,78.86546107360924,103.53426844267047,193.356807313692,6027.040487543468
20.21731771700309,398.09581615905165,18.03463939090724,61.58833071072854,36.31320075607791,86.66593000964495,154.81948044979794,5079.729440469716
26.220899533593872,680.5624828620223,20.411082113728916,121.77675669588596,29.774888324595814,84.05463749342425,202.83503089798876,5003.364511782047
28.017518489285134,730.793909735226,21.83504715939733,69.60646650296533,68.36573427504477,122.15467270903103,217.58874577331713,5945.64791011643
12.581718233425503,395.2261488813223,22.516866113194496,117.67883784491269,46.40757739466081,122.25036187675467,200.06754874570487,5357.1167453905455
21.238314500664174,339.95080233684916,49.529092002120684,107.29807927390658,41.58337793007003,124.6362796878679,147.229131238679,6797.721112316853
17.970832152935017,306.0906289646272,17.671443984482206,113.95501117607117,33.674147107409375,63.410934032371436,242.49399315777904,5498.715829912862
23.686962855832725,451.69268446996443,34.0396953954265,123.00914626962862,59.48500649242854,94.25222670012047,234.3811911043572,5608.776225378996
20.1255425117644,596.3494939018517,17.296325714880627,61.81828529061387,68.67162544606497,103.5663979694085,170.87877613201297,4060.0586197485704
13.562341315950576,347.9356329434345,48.66055457126932,128.07913507707121,20.174248702037605,66.00875927686907,141.9292127685598,5180.922055356325
18.989950827014866,270.2282934260544,18.846967780355047,130.99987814811652,66.54060784085672,58.57420048543232,109.72622836091718,6358.493671429536
23.022720817738172,758.4840572679354,44.713306365989624,115.17722197168747,22.858740714939902,53.67829812635047,146.5020710966764,6488.447993970958
16.34538882264529,469.5191895270322,27.93503057077856,57.08394151361319,63.660454313840184,179.63317051228407,161.52967926451439,5470.836424905983
10.842078284345638,220.0008928130702,49.05890127822842,144.1062381068565,28.861148889900726,126.74317228546616,161.77671346178917,5141.889509203738
23.38383058947447,465.48464739140917,15.711074469758696,91.16910604071714,77.57531993175115,196.98970936197807,196.40732581396264,6056.046007590714
23.644380492067242,451.67173864969567,31.078639174322053,94.69329628240888,33.32552463147941,81.46726116753746,179.52623288973473,6445.458405794808
13.25669536549482,589.0079132539176,46.36592707365676,100.45262952235028,35.96855078509677,72.24981112228208,248.89189413889318,4550.666193611935
25.167579228241337,730.0782077287913,25.330481848044712,128.93021835342114,21.528450179791257,52.60494985767913,107.75855927649246,6351.557315276208
20.93976319115619,761.4741337676061,46.702923452849284,119.3379112413069,32.21100984346974,198.9391860208345,124.54468229842826,5673.777529685528
11.743609332809786,383.38686765719166,45.713748941168504,147.93028153303032,21.91995403059364,95.61312884439587,155.2893693183987,4353.237939650875
12.420264921217456,205.76923811484187,22.809064921305126,143.64083178833886,43.47165175626641,57.90189236444311,150.80725022475883,4989.200760776798
26.823519776054024,367.01330016754844,41.03340591337671,147.62541198342348,44.776035456876066,195.79583212266877,107.61927860039972,4763.396942221805
23.91647258863804,603.2242273793072,34.738715094471544,71.31233330593079,64.11328936233545,91.67848093783024,154.9067990683755,4361.554545662976
25.076726604047394,332.6757616107391,11.310718782913614,107.69369625513562,20.17320039207183,156.63066249576104,115.51639033446752,5213.280931036956
26.584746744508763,407.27100150146794,33.0149536475771,82.32079535391034,32.418505085542854,71.61524340257907,222.56598318842373,4641.888435875618
26.830955741869964,338.04840751507004,39.764843595083754,57.812402638265866,64.97515571537723,70.09395581218365,130.9615305704628,6324.1154007884115
14.32901116835972,708.829862162174,13.448319372428097,94.82141318270303,54.27033934234887,193.31315094705383,127.04688886375168,4115.036124884014
15.920529659063536,286.30914068746904,30.0870637066382,135.15270053474347,33.68060797385303,197.96459169423773,193.5855294189547,6994.457240673084
10.047096631846777,729.5262437190211,39.125627244673645,55.06075875730353,23.867572849798744,153.88722548214145,216.33905565397743,4828.453599019326
12.77638872990938,714.5172330727132,14.697012271433735,80.06493253029296,79.63211516197975,144.80925784919617,245.12480707561906,5433.9916355290525
23.354056024996165,340.74310646361687,29.201138881603637,62.83338168327059,46.63954561826837,122.02862175114856,148.51552463802292,4920.300045910608
19.198757206482465,587.1849327888051,26.59311872123159,113.81097865444752,71.49969086067556,156.0920645604448,192.50668768294622,6122.396272110462
25.991139481187965,660.9273905014272,28.132884073584403,79.86338661532524,34.135656049858326,197.97574659027927,180.55605924513176,6929.208995901334
21.056919817732087,295.84178602257816,47.365798934150845,95.86900779016645,48.04610963776018,101.63200480115438,136.31985546849165,4777.8617174233
25.596286753541094,767.3455899865489,21.522587130049704,147.5860146418078,20.313789722690647,92.50084486795693,231.87845687502917,4064.82626739003
20.73144032124278,729.5232926760337,33.80253703778231,94.15590905380985,60.71605802712519,147.776543244736,237.86957928878996,6738.137258674423
26.81940146616964,348.3039547739951,49.07928066665707,97.89779852958117,31.59716350488476,176.57152299017324,179.18457859738987,5034.837025701731
17.382880630753156,677.10804424856,38.20945409315297,81.97837605774959,29.401593541642125,97.69225949795903,115.32224610990296,5340.963495060495
23.14972904249793,714.1691972611748,17.427001294273097,118.92347326175032,52.2700631181217,174.35976537647184,130.48144719613506,6957.970126652211
12.360099294224181,533.8291373404121,28.353377074613718,127.92323470852847,29.330900080301216,135.3589954142547,175.08049100702175,5030.479579993898
17.290378920686052,569.8649942045829,23.96488380702653,90.75350304643717,39.00773414166615,143.43189312336042,117.27956363543423,4923.857113563099
11.207684980929324,514.3262510723507,22.692085149196707,63.495116575859754,20.249401675409267,196.45549572724045,239.9060242739263,6296.868016161326
17.72437429935053,311.15193579316366,36.8339244389109,123.38891626793323,55.17240619051476,158.49443425395148,140.350406916766,5463.401796932346
18.534279976133234,223.44010918127324,47.472796040665685,110.33862161468886,29.158831871958867,124.42959066407201,146.1290370115704,4811.433681774091
12.801014190209742,648.847932238031,23.74081275930042,131.74416702329185,30.897222592633163,91.28079415740984,249.66253258648422,5746.774908835672
20.536647540675013,285.74334021744966,15.092667730708346,88.79249563818954,22.93525860997731,91.30565939485436,229.32862239899887,4868.081631393231
11.320393444074892,721.8620496336523,21.162461573010027,104.0772719173193,75.89323695815477,179.64354320257777,135.64633395727645,4701.62651510404
20.84231478306684,548.7934140062213,19.17079385777238,141.2351971173138,58.99980746570677,87.21630534688138,232.8851936674251,4317.293018120724
10.219087888119667,618.5613444811052,45.26734658507223,83.32735297281616,52.569844647923624,148.93258273197713,182.45279570667634,5433.116257628419
24.74610663555829,721.0043782089656,48.27226573603026,68.48242216254033,22.787336371334312,62.269914534450294,211.91022406290307,6563.105149278799
16.207063363593207,467.674023267375,45.82395505120004,125.38556472684076,51.46573952807525,55.411921290856384,173.33787668223837,6248.174950227392
28.225699693974253,692.3397973925755,32.359703380571275,71.16191467641907,70.42376671318799,111.35644528224267,123.83970138423798,6283.412832827893
27.515976893481728,520.2083235785607,26.953695700290176,107.22877238811068,78.74314956175425,57.710846607905694,245.17916629943767,6362.087315817391
25.274926322104378,567.2137915911505,20.499137070361808,130.23126486441072,24.88874074681438,139.64197097805874,180.97359908050964,4845.390013953101
19.606070378132223,309.6019264803625,40.02402538177289,107.81836377056621,77.6998005073775,149.96447390582802,202.18761122246792,4894.874368920756
18.185072171610415,516.0920819223068,22.44240864845206,85.36486561766537,37.08058100923233,169.102722949039,210.2944554938549,5738.49260210387
16.456673897352715,662.3289989666869,36.49281349847755,53.71970677015978,47.29822243546951,80.45365968805586,170.43601517377323,5434.675760895279
18.681036374384107,506.7695665663382,41.889306974036856,52.71241734150709,45.79585018100353,140.5472066935846,174.8342026595139,6162.528268305541
17.958388757017797,492.3550845539475,35.578053666409886,82.79840736151415,49.01880301472616,95.27121673100012,229.39110677203837,4391.566287570537
12.131205705810327,331.3820783677277,13.198027711062998,50.46873138344839,44.36446441682604,164.91515995494393,205.8315186727962,4652.943383245232
27.53595688394161,764.5776370629776,13.636363884485672,125.84889644026546,65.32364080460847,127.82556761914807,148.92291048458193,6613.987173134516
26.46978285750032,635.28175935027,20.606499582721618,118.802311656239,65.65961616770711,91.66933863310433,160.8904273522002,5832.392375463358
17.9621250432834,606.6087588799801,44.70827365376479,56.3881615530038,33.548412318885966,187.88263767967763,150.31441972790424,5158.8139852262075
23.072380305194976,268.3026311728586,37.97308368538968,128.70103573203556,59.841495848783914,105.17113838848627,100.9708843723416,4498.806006257322
11.682211172587031,500.8173075454657,17.434813669657,132.0540440293757,41.27278241308605,188.65626852371062,145.76058464552523,6069.60877301236
28.187481935809497,240.48295286630255,20.38681082385052,82.68358105014427,39.05587954072415,79.5725220130927,151.94631799090047,5292.782243413747
17.942928952096153,356.3547500835356,27.272433685923318,140.16750625810602,23.62077240124455,182.96045426407522,100.15665415860424,4433.581371708808
16.400521574881616,399.2286467142294,23.044351478850878,97.2814215155006,25.060142373296642,134.4267680562554,132.16967543315857,6142.885095861286
19.19590285498848,638.3611707652018,10.936642716517696,114.14171893274168,55.64226200557111,166.9204731942793,156.68073161837924,6020.494962467579
18.59717410258329,284.6037231305435,46.40349295406671,121.50387114099203,41.68414218080689,94.41351172425405,229.33250787781637,4041.0207834446583
22.94027041286224,515.2469539821111,16.878693170686653,77.30047265645547,69.89448974837697,139.1310834541556,207.0561125943572,4510.581921597492
10.020730627552412,647.7253832853407,16.79814033066372,60.308274839886025,52.41394853112706,183.15431846187093,150.81067957295662,4366.702103032509
12.308175553692424,607.6362924331657,29.05324732952401,100.25806324074833,34.22210085948811,119.88976093691845,182.0431502771071,4023.4251662978922
14.210084404323673,476.7339980799412,14.172376849521742,107.69172056997215,78.71476031723607,136.5345058667561,195.57541857661502,6792.325410415653
22.394559879924998,261.84236960271704,23.192133616679964,68.03415788722273,51.197318101699395,107.68742813384071,174.0742160145863,6622.761982353033
29.408952090901046,506.5796461209595,16.261815056152308,105.42871103977862,47.72552264008435,56.69366348198688,160.99282091631954,6980.606940614623
27.899571629584845,442.39268271910373,10.391960405497866,126.60562225636336,44.77549728739414,114.91592074080681,206.42900859305627,6658.465735943543
11.553754356198203,288.53630700039855,45.062675667897366,98.15471961969544,20.13122875061714,55.29966145495377,141.12667898001249,4460.259929745328
27.70878336160945,321.0508470046067,29.803865846388206,138.25711891138576,63.535083262689355,90.73829700745118,181.73770784488715,6141.055652164305
29.822213420214737,476.5687664519098,16.2614576984664,138.78060098643445,24.68262108911722,64.16184192882741,108.10967929697551,5706.573954508254
12.800845920972524,797.5682666955314,39.823993512275564,128.0194015649842,78.09444324406827,118.37676411998011,223.66946630782996,6032.971901793803
23.277504082566477,625.8794753091244,45.252188705243874,135.4941190720071,28.321021647690436,138.16902406455847,114.44745274452491,4434.175428964943
20.456983452075356,688.4183433233272,33.56308586445532,138.58093280114326,64.8347468947216,155.50300359872926,155.23959028876993,4629.213666804942
24.11040590596797,752.3793753302255,35.86889875194177,125.15813334883221,20.705385143361184,183.68618391307155,199.3353687581618,6900.681234419457
27.542276779351052,570.3919645895612,39.30869034578954,102.50482650250481,57.82718920975036,163.53987236444476,238.34823926404297,4370.342367247113
27.72435739385558,266.4374975333089,28.916346344800317,113.53988141680887,52.908279636852036,89.31397478865063,165.29887582423206,6493.394379750067
18.571879227706383,352.45685351018426,13.2745107130211,117.47023101947022,32.79188407362973,70.1536563874281,178.63923827989618,5319.161266807092
18.01151494579641,487.9854168749333,23.253788981752624,62.441734631002106,42.38843048734252,77.94543439780153,200.83156807383318,5169.73161253911
13.639183943009375,326.7884044162788,43.63225715188943,123.39540001752557,56.41847641273376,197.88380978898778,201.5495580176089,5302.42694393477
18.752721006690557,349.7518624910448,49.72297470438739,146.5056007675392,31.588637119073994,193.47859447788846,195.81419114340528,4696.285104417763
20.47505301932588,695.5685779999594,10.390738183608219,74.57621751719807,34.321301714195,95.72879751496112,175.50646809046478,5248.548703639413
10.562353303769347,472.3752350143791,14.133576274843636,105.09095676149471,67.19419429473933,119.29704264670697,208.2464293626885,4314.690409844402
22.03261179707329,743.9763526434492,43.87455241381313,127.45068978223404,59.673237530678854,188.7664301225381,234.02314335804869,4918.503288442555
23.367970082584662,596.0647298188273,28.421688521285105,58.02233749999025,42.40099060055638,165.01806564659614,128.34849057257182,6085.439066193952
21.132689638287086,727.5354770626137,15.77987695780012,77.95671730001199,38.64649399573949,131.6275325589782,144.5875085939576,4092.571906760873
21.25041688275803,511.9804284844896,23.176672111289932,149.04335874634268,48.16445832089115,50.419348555865504,179.46697280967368,6711.491435857697
24.036116528608122,483.1152882119158,19.799941115205876,113.60397215995451,49.21772547439399,65.23118744671356,226.15679559918652,6938.526159179757
13.03463532932285,512.1619849158025,18.007321662540715,68.39054925744175,67.85937901515888,51.96998393051517,158.12833233500442,4492.937897801221
14.487015519619339,250.06982080013108,22.405963727597733,57.46983613268246,36.4067173096218,79.96594574628719,175.4941314939499,6421.01254558121
19.697837299584457,287.09358759784504,34.375612873034456,127.5656927498152,60.4778917125832,170.5331246243137,183.35505491938915,4736.070835281691
24.47595437725281,585.8442135535797,42.110893053108576,50.029960772214906,62.79949583090989,145.35759832785664,118.06585303545982,4140.235526524403
25.32870505142662,246.00220702293228,43.34622804383691,148.5192814266343,62.63166040276274,130.25065311834396,163.9244959627689,5796.203401526303
22.871800222786817,501.8958441059221,37.25476843688762,56.78969123641946,39.28057374285797,131.7841214680123,195.33621354665945,5212.869701653823
14.97451108605021,261.68720570489046,45.73449757651919,117.86398194833654,41.20606293674477,58.94940728083745,194.58298454886284,5667.858445387473
25.249225527982475,234.70451175826003,10.448969156895927,69.14603480480386,47.339509959865616,122.04647543128792,209.91299622207296,4910.318145852117
27.303122645536025,336.3202229074295,34.07896851600461,95.29300650138464,44.57137367313833,102.3580031506396,230.0650874316691,4278.355945756004
24.88437461004748,714.7792141022485,12.191266199130704,76.04474659060631,61.62472738492716,59.409013225620086,215.01632381350367,6648.800097467159
20.17393119270483,214.00965606987813,10.510190982103381,103.80733115585491,33.3008999133524,90.6439575349859,181.79781166822062,5851.6085682763005
11.432063817877808,537.9660680174209,20.77763466737185,74.09188418316862,23.662371612334162,198.31069056567082,182.0101071291245,4686.9708350123365
20.33274486608098,416.6788504099243,25.33365918287611,87.71063783505141,30.508899629105727,65.71875438604035,199.04683043188658,5411.090053160369
15.936822414115747,757.695744209172,15.284302404146906,85.09122845598267,38.086666360838066,91.19724370308236,164.29412864665522,5435.643080034351
14.470228125667546,701.2758068002081,30.390870264265743,92.01489346789239,76.39897033713952,169.9537957802411,159.35666124960986,5059.540986859367
28.400307077835087,204.97533628663516,27.759321212421888,59.85346435810327,32.938685707293686,126.38235600804084,121.14197542509874,4585.646395535193
28.149593396451152,664.6823241980729,18.8876093415452,114.35672560779882,40.362732390464586,111.68957874318053,209.1098433711661,4651.527206273334
23.826852107883667,217.25272189980524,31.899636936133113,72.96110460566511,49.95191587221337,105.55168634385578,227.5010425261918,4050.0210399782422
13.625037485158964,707.3872928792,28.147072077166936,51.36202664331741,37.08897699798603,139.05588880817956,207.98617823509437,5181.568320561793
10.783106633349465,227.39166196830502,26.428021035025047,112.781575343203,45.943653656584644,133.14826262962413,153.05642421988426,4584.379921531274
20.42112912401319,378.0976868430247,32.12511122116364,51.2418186204411,52.957327082361914,97.5295831046964,219.45023081308614,5332.077315126208
14.573533355695341,416.0785373631668,17.78831136020376,120.48589684811728,32.018763727258,90.24449679550733,157.96640532271385,4126.912205244461
24.53723583202781,225.14798629271118,48.91699023553095,85.86393989994572,48.62891452205639,115.11476431938776,171.04734925668532,6059.561150620344
16.124783861950615,334.86402725165397,11.099277962648376,92.62808251779609,60.69496033030365,189.2602599697102,203.19282794250765,5883.861531623712
21.0501783362619,675.9981500567125,27.572340837385084,62.95361218667986,36.95292051366871,78.2919776407309,129.75274428701363,5174.250690453451
20.443363001453548,785.5308199469275,23.617477296301438,69.14615505539803,49.89382315570212,75.25240394146232,222.53681164864076,5284.845163986072
29.44297255741744,216.24173825428957,15.64961132708099,113.97151049803861,69.86247338398778,132.36701739367737,183.49440367273013,5940.700702150683
26.70326277573264,549.6024828001821,43.884508995397844,95.60006516854986,72.57468326833452,54.90926979536314,100.46546211056052,5600.289634741411
21.31506110375453,447.6981340552238,43.994413646680044,124.17528007420493,61.6212986180313,61.676922238559804,179.43755738659362,5562.740826087576
23.521944697864683,396.3008074595037,15.367239191778893,76.42987890375508,59.80378584404636,192.99229090209244,244.25176691824143,4024.8200638885182
14.113890763571016,737.3951265032333,38.476048258807126,129.6185796677658,46.29465815892682,198.05193454632234,152.7641283898597,5441.741912805523
21.850971201278615,682.502556198142,40.52217635761561,103.3877133561153,44.273058284206,74.11686640026562,184.84728649211996,5745.394485279103
28.049346069049218,477.2037143250599,38.07699747758906,123.32401023369347,21.224524382606216,99.81404838572539,182.26760438360003,5479.417430279889
13.626973657918624,505.1248700714655,48.76519078901714,79.42631276384068,44.09786366606935,50.501374050158695,213.023660751619,4995.327394686918
19.28298548482534,200.55974190488072,38.451148903530715,77.47568155727393,33.12101556919799,113.31412872399002,209.73099553881434,6871.941737817728
18.746953865410724,476.5793583571464,40.392384317491185,107.2794535509604,62.67032391816465,196.41534695775158,173.41401829227544,5009.320348579928
25.75079701031925,795.7553847972696,44.82957533993755,74.3349136073089,29.575585628684166,88.29958040898009,212.67521696218122,6680.573777388352
16.694317524640233,556.6781019177984,38.20038925245469,69.50678140340497,25.515868005031358,149.399088664201,121.13824518441669,5877.236428558148
24.71047313158731,655.1530440719073,33.98610020708364,116.56156876717777,27.25858396469678,186.91365816147857,195.92334690721592,4633.417000144697
14.60907782772919,550.7845248401597,39.40868469458273,139.64605866822666,45.51122965285019,133.6562807713305,238.28470348056877,4389.875435665068
12.44442123886804,728.6205152313681,19.10696831727848,144.9317845577316,57.79784227449292,62.69076196585491,143.77551207979195,4058.9339554680146
13.846513050393987,273.46172845091695,36.95004513627525,93.56657073405177,20.251856826782323,99.19796303152839,164.23614575092122,5969.2664709236815
18.82767584158005,381.8471489350529,30.471195402049528,89.91763329701455,24.751699454204925,157.95570779017459,114.28779644409451,6623.700956638153
19.79924618743731,742.3741989990187,32.127967180219336,120.50187396603647,73.28427394951483,138.73174586479763,122.30178070602742,6427.793794971756
28.82346448326946,522.9586141069005,46.661824835253874,51.0173871778459,37.01501511514139,170.28160456995772,166.4104405405031,5189.186166224736
29.73209757720323,711.6702883173903,11.266790340036795,77.03164343299173,24.182728184529815,89.73091907032313,204.51235847649951,6703.338176712705
12.553839395369264,483.14741849005753,28.19701735587178,86.61179207520081,66.54304680495065,122.07293992988347,140.60533502845325,6637.774797153592
23.309281051786684,349.96459772542914,19.67142930937216,113.69769282088215,27.6119946797761,126.9577192441544,121.62965982213564,6596.427609940589
28.78046118134224,644.2342754203397,43.384118537023,56.18965742015713,28.275776341908987,93.1312253443831,170.14237712548942,5035.380868334912
29.20150535688209,752.4640255689555,48.206368348114424,118.39137112381789,28.04847177248385,196.4245783079836,144.45396142182125,5477.867298882941
27.459010003161396,631.2420978267617,12.471630502146391,100.93482576267292,52.78317525856579,174.42490562168658,240.1828701605145,6630.613854492283
29.514280763689772,226.60899209206548,47.09823472780126,125.96816150057795,67.26380344110015,86.30477743959759,223.1321509767602,5168.667028492548
18.50518052230048,392.1019266516268,48.71000496623463,140.95072937144775,69.24674939808936,181.64485019902838,169.11271975993157,5051.443654612081
26.26633059796438,533.303915526657,14.13845653384418,144.2398794767978,64.03996896883604,111.85210390326495,188.39262662868452,6138.952761496964
25.867026304290526,382.0800594958992,47.20021561630836,127.21772755073427,30.897276648730763,187.83844841450596,191.9567476686376,5896.6715883015895
18.73905869559843,271.9048371569466,18.6309937034034,111.98749534308895,34.738450182687885,50.432913356471204,133.08595719154724,6322.660665709205
26.429041652046767,201.78331916955895,45.84949120402802,62.88225984731845,57.9818245133063,53.3692511519252,107.42913187390329,5292.4578702295585
11.34820259090834,684.2108101116204,24.092108741391073,54.26736041809897,43.23245745081188,173.84963949179976,212.9280319150201,4235.363068335366
12.763219754286188,733.0872913820821,20.025635353103496,129.88025144809598,52.97292089199254,76.25260503895863,137.60612170894208,5763.233191248466
22.243934821777046,451.59093114876623,25.166392322735586,118.92144079083745,76.55940849843515,102.40104777486096,161.06146550293954,4294.506982229559
15.493491576304265,765.2403999147095,47.10249192101797,93.09900677146811,58.030210337449034,77.43499961777935,190.87662310227466,4540.511930515911
17.72519922803334,595.2462122750017,38.85527661513464,107.53454420122017,60.014224138843446,97.79228177519943,181.66701335675282,5293.593502600849
20.954497407817357,435.5892595369422,15.299823295818333,60.9869127137896,24.919482643177815,65.3954999006378,100.40719962872478,6591.546473419434
14.673603298214221,783.0947722568734,46.57686648960916,90.75116326468076,77.65660328598608,171.38726277754375,115.63004199980021,6891.449607528521
27.184373538872645,570.9744276707365,19.35808979655181,104.63132747738179,35.282796834028915,56.336005854131656,235.03589343825442,6416.448553194555
28.813560188103263,695.4098665796588,36.16070209111269,102.40272169140609,39.130383932984174,65.57122726795764,146.7019481806204,5312.426331840026
21.669276728953083,595.1298757972387,20.58802461106071,130.55782302048937,26.082657158202725,121.81272805781315,205.70278419962548,4474.416343610477
27.414680162899966,206.62038013692535,24.55662281921839,125.78762846923948,29.594652805868257,106.12792852822267,158.10800370635252,6431.305887916031
23.036406807220423,431.54147522422005,15.91080181345703,84.19486154973495,70.46470912351433,105.89769904645019,119.78121324731711,4411.07813793638
22.02872574057146,739.4312181085095,49.11232791057628,83.27689247687131,42.75080314108138,191.92553886118887,218.2238232953688,6914.555651266082
13.080209775149251,683.9783035167084,14.014766551123067,93.77656468921381,51.95065495454984,134.74938861038797,167.64240030234225,6907.050396948672
15.238575203228226,332.1050910816656,31.707386987372537,135.38780357399725,28.43692926231883,163.44901109786292,149.3774795106418,5684.028986147749
26.5062753186147,201.25281042770794,42.76767395749569,77.36620381731655,50.26744522587071,114.1182551417653,152.5522430328866,4309.473917917718
23.547414963342845,702.90172699369,17.07861242044848,143.37316100401048,64.90610026362167,173.82116819399903,173.94084690796416,6389.9605267565485
28.196901483109528,277.2105368184684,31.35091120059759,145.83582349050275,35.92359163933352,59.09356976044772,199.6731795144259,5080.452931834802
12.512907620073086,632.5780177759927,35.0216198211343,147.86928609891697,79.13388270311981,82.78246384391618,184.18657195784706,6891.761613731672
29.879560584619064,640.994304669276,13.775431130104327,94.13315222895484,48.74683913252248,111.50125901541392,148.7994961161428,4645.762618859972
14.504793877560898,451.36090986536146,11.31029074835201,50.72000400071624,73.08582469712752,163.57213175947652,148.4793644107632,6266.634026752664
28.80333984199691,601.4059666509768,10.641065475354377,94.79849289989735,50.54648576266068,176.350717029388,104.32765197316235,4137.247869038888
15.63538886420896,442.09428554407793,14.165782390760082,88.21509048466388,33.20198271121646,63.196064782611344,194.22843879940152,4801.653586835897
25.728156060533497,524.2602180345518,37.99431420293614,52.34500154300431,72.24138227808874,81.04185646851738,152.62618368956544,4332.110206294503
27.319109209565642,519.2615638396402,48.021064709439266,117.35180510295771,58.85903222866467,106.85659822613809,146.27849681051828,6998.234927254618
17.36406337844158,627.1624920897428,18.217780170220024,124.78924212109528,35.32162414558363,111.03433598667004,188.93554391672228,4446.20485009733
29.65939412588092,338.3027175040588,41.83890736190164,84.56732908208417,32.01050837248968,151.6250370959035,157.51198241100022,6477.793190993415
13.950735287301006,447.0630192053494,32.84640081103728,116.47619301028291,75.17806540533968,97.1994036930472,185.3596847167071,5120.980254990133
11.792264508353657,685.2094755691862,13.943423065898134,124.133417481473,79.17967489116981,72.99691948738858,239.9430635952185,5452.529109148658
15.595172598861481,737.4672945771176,42.78054869861474,139.9665810849821,49.95434752245024,130.89336033721753,100.15987707273865,6540.4366662406865
19.103402435830407,548.9764761825063,36.25657745856791,84.778661230242,43.02176317147212,187.92350135945156,162.1938334888536,5203.146946974806
19.489627184587516,425.04894878821403,33.084090932047395,68.76593119339273,40.683139370448345,110.87821837535083,117.17016253425336,4427.704213025321
12.76484125971946,585.7611358661923,19.885158430362768,87.84004180481972,56.57547341483759,75.86130340016996,185.97381764542934,5986.992031268284
28.23387657031263,274.3389315892385,20.754722098848823,71.33495846551304,42.36032031496766,56.23582895658044,174.01580282127156,5525.423445871716
11.873633384409835,680.291504510676,10.87221118985803,100.54316092967044,74.34218695368277,165.1484520806255,199.9804914339736,5046.550480813819
24.470429134403773,302.4480297126736,13.660971916483495,107.75825119716767,22.814259784660628,173.3469412915944,101.51778603410862,5995.783235882764
25.73596516449438,694.6984902738693,45.470279180140864,118.26429739554528,52.97066477496374,56.42762108493638,123.72647726950116,6650.868339366209
20.275454301510578,581.7634935582658,40.16199405644962,123.33505963307834,65.65452846489103,189.8260017124479,194.0800626305718,4592.755994920118
13.931441825637991,419.36743239559655,26.045024406277992,79.88015913415006,56.602394151933,161.8693971747013,192.34992779493246,4405.992413125881
20.407990124705876,208.54514648979557,40.53060013004739,62.882201967055735,21.409127098391668,134.17924699830007,210.40089254719732,6518.966182375762
10.170380912206324,662.9027743626457,20.706866071931827,127.47486919009161,20.409559246894982,143.3414446941364,176.50831521980524,4878.633654688521
29.21293564219602,316.4348677447878,44.95886880951717,107.08019647858117,37.82859307837184,63.19235527977358,176.6670615341122,4385.979570309783
28.929605820860328,254.49222954769246,13.459520970874358,74.15793683350208,27.07483070935954,124.81896441066799,140.39795460866122,5998.6613613801655
27.79970416501864,273.23140219032103,36.06045417809153,118.7693962452478,40.287863626901405,140.8247498508784,160.56462267113588,6090.809955715673
27.513894868043696,596.0388642138698,14.7835664331022,91.52164667541271,74.81690063569465,119.53151485767803,193.38734692640662,5655.804155928045
22.90376024812989,313.3536819925008,28.915342708400665,73.49531709852212,67.72871941966079,52.91257622710346,154.4497662416373,5161.431964234536
26.9821849675376,491.3771631388481,22.399146068844583,56.5625686364137,55.319126858632124,72.57313505802853,219.3195432685505,4725.722939632476
19.631815025550573,737.2466858037044,23.0482226997893,110.10771742864569,25.170585727649065,80.49506443690771,227.25305018246226,6048.762027837396
23.940516700914607,570.5431435706403,11.517094198032037,99.08219016922264,54.994301521450396,187.7635405198355,204.8217042739854,5443.012768259927
23.731486660896817,761.9258771134303,19.20088508785073,57.61781015633144,68.04426448618193,75.82803521027276,107.16413836839298,5197.402409103565
23.62471700789615,644.486437801914,37.35621467470976,57.6771986023099,51.58647185029285,163.0087095830413,217.52810513899675,5238.3090365095795
10.8476316770147,605.0144400768418,35.28760803588174,72.05758393866823,56.2027654232325,135.92528093763815,178.21524339313476,5977.406001965034
23.926864926624777,329.0447281635388,21.163260663083854,103.98878498825154,32.927190996021785,184.97804792801296,200.40643980409192,6287.996452876334
18.18938973823049,552.3386257483293,23.240899005609318,59.09741475657203,39.2882963077831,180.08771870595308,199.46336353454657,4682.758427187301
17.7525875081594,550.5253313674893,34.48346681162376,133.81602994535535,28.958654092113058,80.02467574518684,197.96337398456473,6739.942027531517
18.807769736430934,609.5438184348136,20.214991530253663,103.34124193748978,67.87123043922543,160.432181884864,221.51717659088945,6270.553588827845
15.639444457160554,769.9408213389689,27.243439387807197,83.93573417569523,73.64409913829837,109.85923104366947,186.6032460309524,4124.059126541602
29.2149066035422,777.5980011785036,39.592487757514625,52.26248898096948,53.167777913744416,180.89460879110226,182.36296710521665,4126.068572616337
14.374544038408143,530.8704295204195,22.248652124819984,129.48254366359208,28.210186550314372,82.8211012994039,191.28624185183776,6614.195674425763
22.213730279840036,212.8834163159188,33.0770561727261,50.41131357145681,55.56567960439476,80.64378012592086,217.29529532374045,4176.765664058115
14.342151182725436,301.160293051948,19.015170500183565,137.60453384754044,34.94512011274226,124.96477667596736,123.26549427743389,5690.138638821198
18.765852273726857,427.70487168168916,41.27594749763455,104.32258194277338,25.74197913414831,126.22535643670048,168.40082519445275,4007.9433570488018
11.76002702949108,583.4200228261865,46.225055510558356,131.33799114324842,44.12403608791425,85.86354799850773,196.2748384142297,4401.09492770744
11.711223234812635,612.0903491934371,29.40496599325754,74.09045090343913,50.09290949360823,70.9680095928423,193.02938151134248,5932.655058580753
15.990115215833885,271.1092152421669,13.552035258162306,111.11331945765524,58.762928323951265,98.98964653269863,211.9607701454177,4575.588031100923
25.112951149324186,766.7865637805171,16.026278652201537,137.01638005242083,46.87115700761788,89.30227359681219,247.44850883766145,6377.358959001233
12.142858019599554,620.390272451825,30.98952519435595,104.71782455687229,52.76177354110634,63.25459346620969,166.96435362778783,6161.889055378961
19.68768887585613,248.14883376114335,47.98786295168165,106.2256313227652,37.29927543114136,120.67801319244101,104.4587339628516,6864.247032979997
22.96203648441018,406.39621083638576,44.01700363494868,136.1824956399666,65.18892284142018,102.7179564068692,166.62060070403112,6611.411151739858
11.784086208442506,231.94372317327822,41.636261554650375,59.79647581386709,46.602171685295005,126.02607942075036,192.08342126437034,4038.7304326941116
15.104103701972576,596.6747027225099,21.99475625357615,115.5124108265762,32.896805458142374,74.45598215735825,173.2749400573848,4287.37490584326
21.742537818656903,560.4832192875112,23.375651457149736,64.7553063154749,67.82188746925672,114.50760502462654,131.48769934840396,6760.763645436808
24.75594556682651,224.43842201738738,41.847364830510344,64.58965020338286,65.02113658840948,71.96609973422983,216.60085652187806,6320.932725579414
24.441957856852454,478.36730591404927,10.072908307919821,61.211430716358294,58.703596473869794,195.21020397563214,177.77866393072856,5488.693049356948
22.020458708617493,206.83643068816156,40.517855349009906,131.4382110522312,44.744026853159724,71.57559040462228,144.82678511815843,6962.610904558671
20.55909951624193,688.1796175286631,35.470489530877245,104.15962780576751,65.26789603936197,58.306012018623605,121.58138660309731,4333.208027805687
16.19762715694488,357.8856379934,19.131043862048077,100.07674419267673,34.98684839015805,64.26179961703873,243.9145192759909,5825.98764744343
17.21541266037253,488.846765938148,24.63462088257458,83.23126961551942,36.37690227527946,128.06419158172002,109.8498609391211,6157.12943818567
12.948364916298118,524.5906806436954,36.952045304087356,147.9155124197191,26.123351720561693,143.2775627879318,122.98491419733742,4327.199808870897
21.619874701249007,346.81665440883035,32.43399885441243,118.06442066716735,25.914604583525072,115.17755364464912,206.38490894950422,6683.6163805982615
14.891635556425882,404.0116735445707,44.841156164203255,66.95466046502578,62.209120085695275,184.78419781951666,113.44182138804963,4151.699262877542
16.84426610123507,540.9075817084581,14.74077402103215,96.34099868339547,46.940500677011855,180.2656374927005,169.53572441489052,5588.778569269272
19.961296334377494,650.7463888070422,19.960771958952904,109.20858212589181,20.79854030193244,154.30718054671837,198.9648231945513,5517.195867914909
23.15868561425862,737.1659306178374,20.06794862883446,55.45674175737484,40.33455353275652,85.34443172695731,228.78261362112664,4911.814328289731
18.79569612051346,214.42917602121386,48.494143993018824,141.3349257231955,26.494871670822704,126.6245993003382,212.96667667379364,4050.2356878128835
17.47311317487474,373.2268943245591,29.389638131181663,107.26590652683913,63.17645342812463,104.95564984310016,234.15970666630722,6802.412978911804
26.91867730444583,228.2287903813902,18.90071015944988,101.87465684257569,39.14421091109649,75.66893539252807,225.57464324664764,5700.678577754496
19.96912692315231,687.9694532291755,37.994273096313655,141.18755456945678,48.38966060532132,181.596078192886,154.7616817426812,6556.593077168109
25.570224007048058,250.1424947680277,16.235640198433558,71.50883728929166,25.826575407016065,94.28430169547352,106.56579760654053,4973.669944150997
11.288746725604682,640.9675713668589,25.898261118881152,141.6773791634467,23.581346096114952,163.70408878589404,164.99399059266895,6832.822414683858
15.08423883373304,463.4796635968782,21.20414225175528,81.75267257140244,27.218404859189086,129.60033327575022,234.954589978047,5320.220936126183
26.728445966396496,665.7769438841547,29.91736706092105,93.04964493094752,30.034279635424888,109.0158156073249,246.90430715346147,5861.113170076929
23.847444955622112,793.6622009040069,46.0302154358845,120.59991482341884,69.7386852303865,124.89632114420826,170.96297650537582,4405.7540586420355
25.16425011689304,786.5557312757073,18.49128888671696,108.60351183945053,53.37826354404905,177.1608155346039,174.88608435792412,5414.6698475270305
13.869807908854426,453.70879011282875,13.426739854239926,106.2847272518074,22.90836933139016,68.26334372958895,162.35950110896675,5941.558339222129
19.489989400915427,322.5944488712489,35.02639106776298,72.53141887935494,44.686331755534354,82.84589907855656,158.71384114350406,4344.441794980675
25.452921598478227,693.0099436632272,47.37602359344918,50.54895854514526,33.71856811882502,100.24928219206538,101.57542597297625,4916.368659597495
25.046644090446062,343.2646078900726,10.692460778003205,73.64533654929178,58.75607918364516,82.7288374140409,198.53994272569287,6371.2838894317665
22.858792712870617,678.9553730799369,13.160859652129497,87.18446050998867,66.85688793862496,164.80344397854955,160.47928841677447,4698.782212804043
19.57547479018488,531.9357483408919,11.999860703704117,68.10421972462481,76.98120012799093,108.70081994860863,207.34413116440794,6372.799666385945
17.524609818078254,680.6994986579436,24.73898725830544,65.35767066949067,79.44100952208315,147.0476841794344,174.06180750624725,4185.624149916194
15.675420631443949,764.1239333974574,35.255176417031876,117.75017006107903,63.8266899107815,118.74510862432349,103.26984759107808,4965.92882143146
11.168093721999588,572.4555045396637,35.357898845245664,138.7261219695594,69.78950223436823,135.739840188804,128.35815484121042,5698.476094354202
25.989623684091647,524.6160993609107,29.774209906801417,92.06827516402458,55.629245037524775,166.45012998193613,184.3331223010075,6915.000948051129
29.685111075131005,431.2676554009644,29.469808695251896,125.90843967643285,64.59723353899119,180.4661533037633,226.70696504447253,5515.1415129443285
14.83426813923429,607.8592364356241,47.34333965207975,145.5885778307831,31.815296017804993,162.10125993754986,223.44000060369643,5407.982222590563
15.032591935368508,571.0327804314643,13.13445469708627,111.82209347892251,52.58580264935658,79.26334767473942,125.17014840324543,5556.358347325589
28.25671810364536,478.6191287912646,30.824463241551104,115.17385170878237,49.79019381536132,137.22539856937615,229.00679420052398,6826.87938251197
12.492562305872887,342.2188630631705,37.257210834352534,136.84793257669145,61.76504274568013,156.48833718859447,205.92098813564934,5737.171519081259
15.064855076110184,767.325582426998,45.871172093158236,100.3909345034663,33.81484860643067,68.14803901054225,185.47557378969043,5179.285361367236
19.903079082272697,256.2856295185762,11.749168863520865,110.62556561062208,31.96454600572107,134.61330399847606,122.77093471486361,6681.734514148824
12.068387775215069,220.6941485069892,29.219656568195404,75.66247742176049,48.92973723702491,123.10101463303273,178.31888894276236,4674.638249783549
20.870898949074103,318.209767889726,23.170152115013746,106.41312765242841,47.74610182343679,124.52797610224485,112.12635053327246,5232.70474523029
10.290309854471682,646.7443251507184,16.848317940079554,81.71976682991887,65.94903258952138,106.51656282904315,203.01605750475733,4569.21588769485
15.598172399678889,448.6900850769176,13.52507157869248,147.50274242398686,48.68498229039945,83.03364755217041,107.79028453752244,6567.79755815944
15.410398232735272,639.6977293703235,29.402894987415845,109.51185087288734,23.016177597932742,155.9356258044901,110.34295482646705,4226.9875153224
15.654452218423682,399.71472251335416,27.312076741056572,122.30296461298909,23.673812121741836,124.6518722740518,196.93087318800877,5036.442480262344
17.14738634802189,222.17444530087823,49.4188425516984,133.77454042911057,32.51226221509987,66.14336410619183,120.0758812703495,6743.215418791468
19.095775374525267,467.54227314383485,13.374567673095456,78.02559879792798,38.24082086058965,64.86947423217697,127.2605995803525,4440.849218003518
11.248284270890899,672.9701289116013,46.09045068313714,93.48207774000745,79.54049793935022,162.253835101594,201.9631015622539,6301.428382992086
18.667889712959326,305.2506565252819,33.73148335181838,95.23113057170305,57.289803090933404,72.79434148482012,142.64104005806104,4400.514647501773
18.944263166294075,543.4676019682917,46.99900080812351,53.88971984199522,34.930702660287004,168.22845889929903,142.6981263438763,4725.928350205976
10.663942752237958,240.315820241787,42.14988798816536,149.66689217125935,57.80468121513115,55.1677520214627,220.6741705187598,4651.053084953159
15.725733691131135,609.001596404961,16.690930218166432,113.27753820233687,51.17466050705515,140.4116778462934,190.02289022326138,4196.3013695173795
21.77487124313933,646.4050554659775,20.839254242986943,125.84660787748045,26.21071573684618,129.10719735169312,174.39812954689535,6432.241790920994
24.770847813759264,525.3800467732015,12.598996432805357,110.27353496781566,61.436745491723,85.51905212140275,147.85809789326444,4306.815178336768
24.65801186041061,478.83703877086026,46.851731207045574,79.91984192135186,39.6392135115579,61.62149917686775,194.10536118430528,4914.414713172438
17.42977487664509,411.2265881917266,38.31764207415312,58.00280018294796,67.71488309389247,163.08405413515032,195.94221536724353,4269.931514697681
14.37337057429611,667.7644921672642,46.34366943478429,122.99591772335789,49.76685945691297,168.5128300906759,247.8542301075172,5429.799607424677
12.765993491536424,465.67044518318636,43.71644354145916,104.42337458401659,48.44247878761975,121.68162172834442,193.07223730769988,4722.18020938696
24.98490835858089,581.2533377095037,36.33834046492231,53.21435216299169,64.32967081228122,158.9994476447083,183.63777239971262,4779.952062446916
28.317106357129347,495.4100443102374,26.110899482549748,122.39461713516368,46.341248818793005,198.83133528858474,230.58003009633563,4403.091886721898
18.75929170740804,211.6168062092119,21.023873006420224,56.68589973391895,68.08816612568813,151.44396718729357,237.22885608648556,5538.289333126356
24.400275408798887,311.5486791060892,12.400581404046651,108.06867398917375,51.46515995507008,119.37072013673524,133.34589597325763,4767.690827934426
14.579406031271219,538.0012900051245,48.53223825374955,120.38891856787227,61.91271309232682,141.12424540869546,104.11695459163218,6407.452033555155
19.92880415103773,339.71901303458503,20.749144641201735,58.69479259099126,35.13913873890036,85.3035422558909,164.87972287765632,5247.354155653629
22.037915749428816,464.9594518468548,23.4863104251005,90.05897680824728,58.69820640740727,174.25634078490924,217.7475659256904,6116.022527437599
10.40545193704515,430.75885746668416,42.22704520458707,149.78469519968615,29.227535415893712,138.12377787226603,148.07532269692524,5815.628937180875
13.437748824600014,789.3968545036164,41.449643947110886,120.13778737696006,48.49668856774841,85.77642048790406,192.70673366204198,6322.244934680093
24.88115394326644,424.3960600993031,27.13759081369971,69.01434938525534,26.48195835907895,53.411289936884884,198.09536114885907,4025.1635796438977
15.299213540274529,303.5457415999524,17.223252264696796,114.83520007497123,45.74095458430301,187.7191813838047,200.39519094667958,6664.891212089288
13.972463823613378,533.9696820031426,35.41561101360209,95.1325955172608,69.44065351881892,77.92546138155107,110.63289784649822,4732.531948675972
12.720679461499621,618.1079429619887,25.73366507224995,53.31611706540138,21.064180398174862,65.36911978126263,163.3642594627564,5612.198437472189
12.447729866664623,540.6863659844339,15.477950378042387,126.23049831907348,53.2777081200637,135.89387707082392,249.14297018328278,4759.301997622917
10.107481552702943,688.8128338795941,44.817345257648725,59.254424256103334,54.51881245339398,193.88189791749826,202.77469073425988,5462.3961212455
29.792047267944593,531.1646368854474,30.479225803158467,110.00138887222728,24.961444098102632,97.37522121730206,201.7337439555287,6149.606625234368
23.023311813149952,246.17393966716514,36.01811439112225,138.82092706002504,68.500572895329,162.39451348267482,150.4693305384253,5918.906239251981
28.080303846673402,464.4961361540503,10.723270337331297,76.86294156182744,50.294704178332246,94.35300427082805,167.97867098026316,6490.980780981184
17.53956836167763,551.3751416674385,43.44778577801523,144.15560276533657,74.7661148548848,72.54674098988632,215.10946789527821,5290.359690844774
20.612433596524184,798.2580508082398,14.142586770554981,129.0179967712798,49.69580958478845,88.2685662697487,163.37594520835773,5396.5752828893965
14.203841434353011,249.41948015073464,27.328782949026746,56.02011164094638,66.9945604419814,177.49706712162288,146.29977820715226,4074.8499649087694
12.52458245211077,435.8841770717401,34.97813073821455,103.43293775400312,28.955100710723194,168.95977337894539,224.58390598966045,4073.695946547718
10.667236581549169,659.9845552617762,48.12047306394459,133.99529776301702,20.94152816676797,174.39861841539604,189.5676976067598,4946.58383887937
17.007073129887896,596.4895725955473,15.747819816502577,81.5179311775565,20.95660766218266,153.63848432108864,213.89834935468778,5211.318421622382
22.596962712423625,248.11038485881764,18.302792713570135,112.43951616785145,49.209904289924474,103.6252221875099,200.7046600979745,4929.620214313978
21.46797380217087,646.6282232469729,22.866495298580798,83.28474498207581,61.63780073473647,180.7159796843903,167.60756230039797,4478.047430091246
26.71409956065512,230.66387945606274,22.030513598251694,50.01469898275662,57.39448880231232,150.7639338091955,164.90606794453788,5937.6439184298615
25.16267012770215,532.8273267672224,11.345240039525933,84.98839457972092,21.931065353863655,130.8136987892451,135.74211597331572,6201.866021457159
20.71847356501973,482.14040230299366,40.8142987503793,112.20226571561372,74.79227800568411,182.02670381339678,232.1306151499335,4001.9285524368047
16.080694963095407,687.5673343321929,23.20231707041312,86.67489604401788,56.197425416222096,78.20448803350422,160.9344461265142,4862.690658198981
23.422100784351542,697.2151461218476,41.71236701065642,74.70067841717427,31.072258396860303,116.28989132983223,105.82263102446431,4998.286515183659
12.602382373512778,693.9533916701646,13.201825269295838,77.78981271087778,35.132550440997306,152.0533899604464,210.86510098471268,6913.784725006294
29.966305767150775,299.1655041776884,45.000674806252285,52.30408478223306,76.06993876644663,79.63088777508713,214.05582768554066,6878.523587784335
25.59382741573188,256.3070480018454,42.63949618455069,110.7093374352347,60.839750708010996,173.96305466932336,243.2276199885808,5892.541147844242
13.855216744008281,583.2183303406913,40.771715621289864,60.603959290871366,66.64580328713193,184.65032122679676,173.22403507719892,4542.782438258733
18.03163569591977,636.8420297976618,13.98872715649118,75.30174254700842,64.40701315950733,85.73853581251228,122.87101996735824,5153.739521542147
26.534035374379442,589.345086213197,30.94453302688826,56.627370174770874,58.96378837718816,152.74236040141034,127.5770215076601,5875.530489007373
11.412181180250826,223.65903202937034,10.119996237960711,88.26890773089033,73.64300305061147,196.16256182950323,129.80707367934897,5588.102056639509
10.430519512713692,762.1069005587237,20.020573591095232,93.95959403902816,39.456274434331206,84.16107701147564,170.41464512035395,6144.550657898562
14.416095366883297,323.8633367417641,30.811516533325225,137.32040017763,31.483638238373985,72.14469704301715,186.39575543674073,4921.501491398646
25.483192713267872,528.0159388425169,22.83880934401832,134.184028855222,76.57561535299982,148.25478342416304,111.72836025500538,4067.84437379756
24.0285541174569,696.4251475426083,49.47481789125569,86.04367199089052,41.83019091934665,132.74190887904035,185.1311015882911,6163.998337320723
16.187058697914907,756.1468921171081,25.414812127870654,75.49078942383389,76.55730470665239,187.39713816664107,121.10371867728863,6946.423940502027
25.664423938800077,684.9450652371073,48.400035738132196,55.69877268528599,46.39307492013286,61.75675836205943,146.5586507655653,4815.094482367921
13.685877660013709,362.93705672056376,19.792244274918687,107.3681225282219,67.82674990583956,178.1380531921036,105.04533066967184,4371.015155957166
15.375571297266557,395.8687874915522,25.00946055592845,117.17434785652341,76.13272026531436,147.61340049529798,164.42002246680937,4888.432954399768
26.278906490797894,251.21542452572396,40.52419565516532,108.98932946739961,59.20754006887441,85.98865740978792,215.7294560224756,6084.392325513165
25.251971555737377,460.6146860176577,45.67847592333801,88.09300163671116,33.67408342953771,179.4479447690139,195.7734484892112,4151.6937730578375
29.551811248180922,515.6499325336634,48.25911180794624,128.82390030159758,72.92087973052824,63.40925711527529,197.92348475349522,4691.3445358562485
13.30168667090279,277.01599610874666,42.756013318885586,91.1767871606368,75.99644646062649,50.342744221929344,142.99576335490417,5228.875094501058
19.075235573122775,313.8176513820396,29.968960533104582,115.98200323651187,61.9139653963172,135.51237657254018,208.23804911362427,4845.240915098242
20.90636828319102,455.666773244502,35.29114163661224,104.50270528750484,61.62543988532521,69.39585433178904,238.14674911439204,4913.62342223635
23.8337363726339,528.952155324909,20.573106035972472,141.0463960502695,76.61327289969584,177.19605201722476,168.85746331518413,5830.3003867253165
20.216166953717934,550.5895942173729,47.52591162249273,120.10394563785299,60.03826585736754,82.07731075017982,175.92305309385313,6590.833330507903
19.69894943484883,216.95906171584357,11.012585895630963,88.80579183333121,66.2613927770779,98.9561462075181,105.0974281997461,5204.7399132416695
28.536581418511517,393.8004940877592,20.643758498548024,123.20974758344676,39.21769291447764,144.70628435148183,227.8607837984831,6199.960199056657
23.755328921367752,302.7887141556622,15.221503736767357,100.73067121615458,56.33942558187147,156.25774259121818,141.8143052970753,6061.67150381708
22.189093455022544,514.5410846343152,49.202461132396664,114.89193398771937,42.93643881886767,75.04817945193965,150.6877056444259,4576.548424118547
15.183127026394985,655.3620529173254,43.89272094203506,147.8400440183904,36.07815624697353,138.62824751206446,204.29439418582774,5627.131516759373
14.205386554497547,422.42994667440814,38.58015376594598,89.35113856244632,39.576102961080196,75.96046784134325,227.99039400091783,5276.823234847605
21.976775228615104,524.395119177465,25.827715434694927,138.70373297143493,62.230492357205385,159.4252189495366,165.8974445017182,6403.708372554984
16.631955600772017,345.0365156352973,21.351426141455217,86.78286655158604,78.96535186427832,178.3591950367617,189.113818652443,6460.6164753367675
19.133936203315322,676.3253413263567,43.30725299371971,88.9610259594588,73.07779513915912,132.9704120566595,203.25429741178817,6521.395793414546
23.934270374519876,461.45171691729996,19.500029812385723,136.2347477635019,35.563520269817616,136.427568253027,108.17089900010276,5116.45121062778
15.956489313906275,741.7342954229206,35.10892244918883,108.02160169360157,22.76214749348106,71.82703189797569,180.74489630254845,5219.969114784173
19.70995617011409,348.30624340655646,28.593785824027798,57.782564785865944,57.97344578965989,51.418245088183546,240.2934181512061,4014.566136323081
10.828847356504461,223.2041764866416,46.14469758672786,116.4491160250147,73.9815401149177,185.18108863968706,184.8599045718588,5409.782579099324
16.568207104421422,640.2524842548205,39.56288400666757,111.53116551999756,39.538265152775594,191.06468347368798,134.82530510293972,5373.939846387991
23.67454989732922,368.7129207073854,43.3625305847152,91.54337065507553,30.550043764644453,176.68651381540664,131.32769177881403,6465.679109373275
25.924532485199975,306.6073625292688,27.19673260301167,137.6817837606182,39.27931758561735,144.83360290629855,206.0983644745591,4996.768457125894
11.861800133752245,586.8392949123197,20.8233392221505,121.06186390445222,39.70475495127093,62.593575571344765,122.99015714891596,4836.312260651788
10.018703291436406,363.9551570551155,24.045463752389644,84.18858959939482,49.76151891336793,149.26127367318765,129.00645718616528,5012.726553495666
21.524110666517267,363.5894506055364,24.33471647522724,115.90567625469448,75.38584552265638,69.6484179597268,159.06872049293597,4792.126589485265
11.476278886563303,717.182698026674,21.05722136035976,70.67319364037412,74.66631766814729,161.95889641948875,181.02043559528508,5911.7945834137
10.718233365598323,529.0757888460214,47.77134495931166,62.59376219779972,78.07998126496679,122.64145352929047,116.87774132569095,6644.678462578269
23.946779604612548,324.6978256589844,10.26305808781991,93.12114772951588,45.985256320826586,145.56791561535618,137.87462774049084,6317.273588564025
17.231100273962664,201.38657716085467,34.85548933830291,136.7703451951437,39.77952247434689,150.14907138422217,124.34895770444658,5367.802999040497
19.622832934554193,761.7740308079535,10.502775147431894,130.96117747642398,54.97946513643038,194.64544668155793,175.7014529883611,6829.447338744632
17.122337207541662,450.20449193990976,21.879145891352735,118.65145276969832,59.11756285507537,187.8931519110856,242.14611853303455,4194.09773487453
27.277741898167772,508.8420551090335,17.777277840071957,149.55230908742135,63.638949049133814,56.17235116222583,249.4769729273893,5159.364007022531
21.223148398657294,259.2175831826767,14.207369452578597,146.17706772411705,32.887293660412524,131.3762464551499,121.23288192894525,4404.759003793851
16.32110406903524,260.0045243526366,48.78531231491859,57.49364302731836,75.45663812754916,129.01135852657347,126.98844397978147,6063.960329171834
13.02173826090504,214.7237553180597,33.39603314885656,141.40240744734547,28.983133703471402,99.0267190028196,222.15892955892974,4857.96033678719
18.807139436430827,792.0796796776496,12.908632596939945,136.49519870491883,58.5822785713985,56.51467993537281,192.56632189419622,5560.277956375465
21.05314856110451,387.2230486061938,49.129002416553874,81.60283271649217,52.52854053927061,167.24718433551666,103.30390735965182,6735.611530351787
10.163888490963014,342.1119487651508,10.83462969885932,148.43129654395182,51.2055792437868,96.87056474778888,102.07649298526928,6854.421047383904
22.803603198049316,609.9211965398342,11.96951434979205,70.6844028592355,41.97909606025115,93.66500841910752,198.6317517315214,6515.631065711773
12.843085995625747,232.65706371081814,10.32014838456574,76.2951333497449,45.52551750893478,54.292797680156404,121.9954140334988,4405.012516351768
13.824361222601746,494.09624077738187,40.17193757153396,58.72414150498072,53.69341880166527,118.09407515290785,147.4718348612506,4170.273855943389
23.52504155714172,319.87443362656967,23.878227366278363,119.6095034244159,35.78984775349979,132.6786418652992,179.1160829096391,6620.5230418366355
12.471773208111426,218.1584307698254,45.53954944661654,51.62918422558401,23.435529187325056,176.84677318470932,194.6031751204443,5822.197689250588
14.288606949402515,652.9196078497894,43.82817121680506,59.07663736006637,67.76621603711583,75.47175031242023,162.8993171043352,6027.055802433271
25.90756221231566,437.9761042948717,38.23604566558633,145.02465619864358,65.35378234244305,64.8157297204445,243.22245135661908,5651.086113985302
26.045335685459975,318.6443425083198,29.777336947357522,63.0098833525523,39.521929970209754,197.93985432067157,204.89076941662444,6010.070484225485
14.332108502964648,480.07012375709263,39.202184298828755,103.92934970925863,47.55738061315167,180.38903048885535,174.04832078522497,6094.60473330859
26.52910122715811,234.01685267099265,11.20823417332729,104.02455653858752,39.044944308571885,190.58213695596345,167.3843427620704,4931.131329474598
18.424106278731855,523.8980772457478,27.509526709975113,139.26387414413824,49.39171303444082,180.3533679045216,144.1751218244587,5850.187297126193
11.87956179692834,481.9492025087245,37.42408200257419,94.49644314248266,35.52944816853653,188.32277032907365,243.53508039554433,5505.194643267895
15.805573581506236,750.9819841229901,44.20145240521235,96.36297659112638,49.22422800853016,178.50824898242948,166.2068236312744,5680.865732052235
13.5234842023078,430.3377759293362,16.744191041230167,109.8698530083807,47.8512082924441,124.63727137512214,190.76310388328102,4169.7766629501175
23.658667638292208,645.6301769149395,10.465929453624181,69.49484648868135,69.96937646704994,128.72922121955912,142.694333478364,4743.536855813126
10.741400296289413,529.4168416349612,13.290872899192298,98.93057698447474,46.41085488823407,182.73891981023814,198.6206318056148,4679.107716496624
22.517558354374177,274.60636326374856,25.03899363628319,147.55256485404973,77.76458232918327,126.10958769955384,148.89960219761417,6183.011181470367
14.806327773310617,675.4372827718246,35.53708358145488,140.58979805556572,76.26191185527853,186.00820599407234,131.5348860842914,5695.092867067287
28.919144618124214,499.128052596104,30.615335869513004,97.03947129030212,32.06087596069777,82.5087138717291,124.96696624938194,4394.060514344403
14.55190510522076,336.24316035682784,28.546274044848552,75.44781864356841,23.139829376828263,111.3842487602641,162.2818561331748,6338.170355884636
24.5109975759539,540.7267445369635,47.514041019714334,125.03677336257793,20.884682247995656,197.73558199073614,109.63340887117617,5769.297154220316
17.290661164410153,325.3473913985185,21.638170172628215,83.36067996958204,50.80186573479922,152.96175933497398,173.25989253502055,6145.0021432841
18.80552608445772,757.4608950052752,15.497845750720046,79.74627667822183,40.4448159558961,54.70657285890505,100.72652483706396,6567.042348112163
20.55553545931622,702.8614973179226,33.96082916716449,111.8971948709401,73.88140852020074,60.687453656182186,192.91669449597333,5630.616568343675
29.176782737738037,464.96110180327304,32.54452129011,131.27429647936714,30.650404595734695,118.23164875766099,248.98161186155195,4378.872990504886
15.159542824475993,744.4119310846637,18.171212739609317,71.77900944795805,79.07110149297718,51.50308013820296,101.63571904279169,4140.717076940613
13.696871993786303,597.8468948552159,14.968158436592965,103.28286921270785,46.7974098160135,189.35491420092697,241.3404317094727,5743.618234702173
18.640773610133316,320.22262487048215,31.965762337531793,97.38708237337673,50.74871769631605,102.60439511209012,118.93999702003522,6532.699226982777
20.86120063667005,478.1518929786055,19.808525368781076,125.64077424211607,54.618552723929334,106.14317927848214,137.18748214947243,6288.403599906049
16.411859143689632,657.9510753145221,11.421787747171415,139.7294486201156,59.60740359951389,55.03827906958897,207.65127322074056,6687.1278510863485
28.063439905237143,271.32094597600167,46.45868512241107,145.47330746348499,40.368530927781805,152.15563817268213,173.75450206500258,4482.63422563067
13.919890612797325,770.1449725373299,27.509377680982862,102.68132203045488,72.63692060288136,111.60964350412974,203.8267163036756,5181.537596039876
20.84300958278768,289.72662436620953,12.947999193815711,78.04852243979971,28.728167144969635,170.8828727497629,244.42580221248784,4333.381874461256
10.027309896047276,241.29638716918006,47.958378415493385,97.10173335110093,26.206156633641292,151.42011425735618,106.10795015749869,5805.2180833727025
22.603631326254632,212.6782961584241,31.6133683339637,58.390388977496,35.25391110155192,197.90231991902579,247.80161153269063,4878.031418971891
12.385044600126323,560.7086402987397,30.55755473214298,134.8890417957618,27.47525940080169,120.29662928449945,174.4831518052939,5158.418093828999
24.454607164722578,768.8230389221906,49.608101953371204,62.79873221256119,63.68354418663683,81.15987241992141,126.53005047691119,4493.80506949054
21.188882062790352,502.0968294788796,35.43264093314271,148.48765235314588,23.466512283800473,66.70887898104765,223.11677279209601,4125.056961608047
29.453187057958186,682.9927812224682,26.191434954887512,78.04012670166736,44.9007243072532,53.068391187683595,152.53494079284513,6193.204999590309
26.89356711282194,249.85266029341486,42.85286500621938,127.05032196897606,47.78138388285525,145.20375339422966,101.43118074133623,4143.929904380791
29.857862721300112,442.06804338159805,40.753927348735346,85.66526286084571,41.568075477818226,165.03281400146395,193.38854767419028,5481.7706962826705
23.756832150568883,673.8103961995506,47.27231730880262,80.5081801873282,61.31442839483724,181.07053483011646,209.60692149013346,5284.5773305494995
20.60394943239551,367.75401225117434,31.826475640422917,107.33839897514875,67.28029978112147,190.7877650967507,219.37591428187972,6425.364581330036
19.48123115154747,577.0494758065538,34.5490193760979,147.4313580428452,51.64313254253364,191.30930224402917,165.9583474450787,5289.068141346107
21.5606669982868,489.43596976699695,22.682201313819967,114.23614585725049,28.82620159905116,158.24951335249762,104.41519193949854,6664.962549002886
10.867060138644932,608.0876792737736,45.03974064563988,120.03393979976282,63.2692078099346,87.30875445552371,170.1728227707498,5608.905814358711
15.262016446991613,534.614122680603,23.963298955399978,98.07257463955978,46.23692120277795,88.10345207337693,244.28088678179364,6323.443589552251
24.29764854046447,731.0550022954627,24.923875224155626,103.36575739326562,68.1007119314882,108.41635991625773,158.22644404276286,6045.818544246016
23.583349533910795,704.990548078594,39.77947987480323,136.19290643840145,59.41183945728605,142.9699081489772,164.65262932283574,4757.249530669578
20.770905051149334,522.405012141873,36.80920159413061,128.0596087618662,38.89437326686433,69.17423977578707,220.470091537207,6897.227089005624
23.983486198093097,527.7412405091634,29.684395741429878,117.90750118863347,60.12468376739528,71.8965905834627,184.0313484972333,5099.589893125645
26.081668124914454,402.8367110988677,48.423984111487435,119.561835445969,23.04725527110667,74.10748116327085,237.00891156934935,6523.482136016443
23.407324311752184,603.4213852500743,44.93988609730255,99.78140420775685,42.34751370611074,67.18683675216411,202.765401638085,5530.05971040668
10.660562580762443,494.728574417259,34.081044032755116,97.47615057662799,71.32614863290473,130.2578829456338,119.49289745523417,5775.203112595716
12.997564770108415,481.6431794723891,29.14386061558516,59.286180693503496,21.642171141386935,129.9279190085474,224.1334214012326,4332.548017752507
23.04722817190299,308.41447403938963,26.47941416001651,131.78356687311742,39.58054689222325,53.04480893608436,128.02487587955412,4302.408348861462
18.77875160064525,236.697355910613,49.32885727617999,117.96963425679449,72.75032685034596,146.90141503270337,157.92793693217752,5205.777312257742
29.756990213593866,652.0306897263101,39.83507220985676,141.96776670695203,32.62567746007829,192.84987639068316,124.1171828420461,5678.775492050115
15.016047670621656,367.65719413402377,41.00807812948181,78.77710042160584,39.401449129284615,181.36796252834765,132.29829300952036,4278.832361665542
24.918838398140014,584.9792149960199,41.75189051085349,132.67556333223737,23.714453491091717,178.00068837306404,148.1289707034888,6535.976597515993
17.176056117954143,594.6515416349539,17.58727527034527,129.79907933185683,23.12877801677488,123.45818552875674,133.94666093360343,6389.029905977905
14.377645612680288,570.1696156262587,20.321169320303575,71.48030538255564,40.90994724618,56.72955200420532,100.97672901157004,5583.690834356245
23.021133290591067,414.275011130101,23.59846017171055,135.42681383363836,51.233726756233295,80.1582461226166,129.06008700732818,4277.827829166609
11.048237174672895,773.089652952049,26.465406273419937,145.0359303467822,78.4725789619348,118.39398429351692,104.68433247121575,4050.5264802742436
27.619348795366754,235.19034725420124,38.54596944436779,93.25835544148254,60.80020320426943,77.02718220852466,246.2936092211115,5221.287872459278
23.52959111704293,202.95319091984302,24.71042691239358,145.1583176016645,77.52803578005458,112.32685196859984,210.22495940749695,5494.048102836989
28.680696339418507,200.9219948183147,34.60695397198637,65.61801066120658,78.72136638607347,52.95311335696085,171.5374573068035,4569.743048782788
28.38284687187081,416.62280202155785,19.761171675751793,129.08987017901939,20.43876177213551,141.0697054135009,114.15460683326748,6935.298041332684
